Check,Year,Formula,Expected,Actual,Difference,Status,Notes
active_users_check,2026,total_employees*activation_rate,4050.0,4050.0,0.0,OK,
workplace_annual_tokens_check,2026,active_users*tokens_per_active_user_per_day*working_days,25008750000.0,25008750000.0,0.0,OK,
automated_interactions_check,2026,interactions_per_day*automation_rate,1843.5,1843.5,0.0,OK,
contact_center_annual_tokens_check,2026,automated_interactions*tokens_per_interaction*calendar_days,17091088500.0,17091088500.0,0.0,OK,
total_annual_tokens_check,2026,workplace_annual_tokens+contact_center_annual_tokens,42099838500.0,42099838500.0,0.0,OK,
tokens_per_second_check,2026,total_annual_tokens/(working_days*working_hours*3600),3945.478941745389,3945.478941745389,0.0,OK,
required_gpu_check,2026,ceil(tokens_per_second/(weighted_throughput*utilization)*peak_factor),35,35,0.0,OK,
construction_flag_check,2026,1 if year==construction_start_year else 0,0,0,0,OK,
owned_gpu_check,2026,required_gpu if year>=construction_start_year else 0,0,0,0.0,OK,
rented_gpu_check,2026,required_gpu if year<construction_start_year else 0,35.0,35,0.0,OK,
owned_gpu_increment_check,2026,"owned first year else max(delta,0)",0.0,0,0.0,OK,
gpu_capex_check,2026,owned_gpu_increment*gpu_unit_cost,0.0,0.0,0.0,OK,
gpu_infra_capex_check,2026,gpu_capex*infra_multiplier,0.0,0.0,0.0,OK,
tangible_capex_check,2026,gpu_infra+dc+office,25570000.0,25570000.0,0.0,OK,
intangible_capex_check,2026,workplace_ai_ip_value+contact_center_ai_ip_value,307563750.0,307563750.0,0.0,OK,
total_capex_check,2026,tangible_capex+intangible_capex,333133750.0,333133750.0,0.0,OK,
datacenter_construction_capex_check,2026,total_component_rub*construction_flag,0.0,0.0,0.0,OK,
office_capex_depreciation_check,2026,sum office depreciation components,6402190.476190476,6402190.476190477,9.313225746154785e-10,OK,
total_ppe_depreciation_check,2026,gpu_depreciation+datacenter_depreciation+office_capex_depreciation,6402190.476190477,6402190.476190477,0.0,OK,
ip_amortization_check,2026,workplace_ai_amortization+contact_center_ai_amortization,61512750.0,61512750.0,0.0,OK,
total_depreciation_and_amortization_check,2026,total_ppe_depreciation+ip_amortization,67914940.47619048,67914940.47619048,0.0,OK,
gpu_rental_opex_check,2026,rented_gpu*rental_price_per_gpu_per_year,63000000.0,63000000.0,0.0,OK,
electricity_cost_check,2026,electricity_kwh*electricity_price_t,0.0,0.0,0.0,OK,
total_datacenter_opex_check,2026,electricity+maintenance+network+land+other,0.0,0.0,0.0,OK,
team_opex_check,2026,annual_core_team_cash_cost-capitalized_core_team_cost,246051000.0,246051000.0,0.0,OK,
total_sga_check,2026,annual_fixed_sga+annual_office_rent,121968000.0,121968000.0,0.0,OK,
pricing_base_check,2026,total_cogs+total_depreciation_and_amortization,376965940.47619045,376965940.47619045,0.0,OK,
workplace_token_share_check,2026,workplace_annual_tokens/total_annual_tokens,0.5940343452861464,0.5940343452861464,0.0,OK,
contact_center_token_share_check,2026,contact_center_annual_tokens/total_annual_tokens,0.4059656547138536,0.4059656547138536,0.0,OK,
workplace_revenue_check,2026,workplace_pricing_base/(1-margin)*availability,131723950.37997073,131723950.37997073,0.0,OK,
contact_center_revenue_check,2026,contact_center_pricing_base/(1-margin)*availability,90020720.4883766,90020720.4883766,0.0,OK,
total_revenue_check,2026,workplace_ai_revenue+contact_center_ai_revenue,221744670.86834735,221744670.86834735,0.0,OK,
total_cogs_check,2026,total_datacenter_opex+total_team_opex+annual_gpu_rental_cost,309051000.0,309051000.0,0.0,OK,
gross_profit_check,2026,total_revenue-total_cogs,-87306329.13165265,-87306329.13165265,0.0,OK,
ebitda_check,2026,gross_profit-total_sga,-209274329.13165265,-209274329.13165265,0.0,OK,
ebit_check,2026,ebitda-total_depreciation_and_amortization,-277189269.60784316,-277189269.60784316,0.0,OK,
ebt_check,2026,ebit-interest_expense,-311089774.55357146,-311089774.55357146,0.0,OK,
profit_tax_check,2026,"max(ebt,0)*tax_rate",0.0,0.0,0.0,OK,
net_income_check,2026,ebt-profit_tax,-311089774.55357146,-311089774.55357146,0.0,OK,
operating_cash_flow_check,2026,net_income+total_depreciation_and_amortization,-243174834.07738099,-243174834.07738099,0.0,OK,
investing_cash_flow_check,2026,-gpu_infra-dc-office-intangible,-333133750.0,-333133750.0,0.0,OK,
pre_financing_cash_flow_check,2026,operating_cash_flow+investing_cash_flow,-576308584.077381,-576308584.077381,0.0,OK,
financing_cash_flow_check,2026,equity_injection+revolver_drawdown-revolver_repayment,576308584.077381,576308584.077381,0.0,OK,
net_cash_flow_check,2026,pre_financing_cash_flow+financing_cash_flow,0.0,0.0,0.0,OK,
funding_need_check,2026,"max(-closing_cash_before_funding,0)",576308584.077381,576308584.077381,0.0,OK,
minimum_cash_balance_check,2026,(total_team_opex+total_sga+annual_gpu_rental_cost)/12*months_of_fixed_costs,35918250.0,35918250.0,0.0,OK,
revolver_balance_check,2026,opening_revolver_balance+drawdown-repayment,288154292.0386905,288154292.0386905,0.0,OK,
interest_expense_check,2026,average_revolver_balance*revolver_interest_rate,33900504.945728295,33900504.945728295,0.0,OK,
closing_cash_after_funding_check,2026,cash_after_drawdown-revolver_repayment,0.0,0.0,0.0,OK,
net_ppe_check,2026,gross_ppe-accumulated_depreciation,19167809.523809522,19167809.523809522,0.0,OK,
net_intangible_assets_check,2026,gross_intangible_assets-accumulated_amortization,246051000.0,246051000.0,0.0,OK,
total_assets_check,2026,cash+net_ppe+net_intangible_assets,265218809.52380952,265218809.52380952,0.0,OK,
total_equity_check,2026,paid_in_capital+retained_earnings,-22935482.514880955,-22935482.514880955,0.0,OK,
balance_check,2026,0,0.0,-2.9802322387695312e-08,-2.9802322387695312e-08,OK,
free_cash_flow_check,2026,operating_cash_flow+investing_cash_flow,-576308584.077381,-576308584.077381,0.0,OK,
discount_factor_check,2026,1/(1+discount_rate)^year_index,1.0,1.0,0.0,OK,
discounted_fcf_check,2026,free_cash_flow*discount_factor,-576308584.077381,-576308584.077381,0.0,OK,
active_users_check,2027,total_employees*activation_rate,6750.0,6750.0,0.0,OK,
workplace_annual_tokens_check,2027,active_users*tokens_per_active_user_per_day*working_days,110038500000.0,110038500000.0,0.0,OK,
automated_interactions_check,2027,interactions_per_day*automation_rate,5530.5,5530.5,0.0,OK,
contact_center_annual_tokens_check,2027,automated_interactions*tokens_per_interaction*calendar_days,51273265500.0,51273265500.0,0.0,OK,
total_annual_tokens_check,2027,workplace_annual_tokens+contact_center_annual_tokens,161311765500.0,161311765500.0,0.0,OK,
tokens_per_second_check,2027,total_annual_tokens/(working_days*working_hours*3600),15117.686825236167,15117.686825236167,0.0,OK,
required_gpu_check,2027,ceil(tokens_per_second/(weighted_throughput*utilization)*peak_factor),134,134,0.0,OK,
construction_flag_check,2027,1 if year==construction_start_year else 0,0,0,0,OK,
owned_gpu_check,2027,required_gpu if year>=construction_start_year else 0,0,0,0.0,OK,
rented_gpu_check,2027,required_gpu if year<construction_start_year else 0,134.0,134,0.0,OK,
owned_gpu_increment_check,2027,"owned first year else max(delta,0)",0.0,0,0.0,OK,
gpu_capex_check,2027,owned_gpu_increment*gpu_unit_cost,0.0,0.0,0.0,OK,
gpu_infra_capex_check,2027,gpu_capex*infra_multiplier,0.0,0.0,0.0,OK,
tangible_capex_check,2027,gpu_infra+dc+office,0.0,0.0,0.0,OK,
intangible_capex_check,2027,workplace_ai_ip_value+contact_center_ai_ip_value,0.0,0.0,0.0,OK,
total_capex_check,2027,tangible_capex+intangible_capex,0.0,0.0,0.0,OK,
datacenter_construction_capex_check,2027,total_component_rub*construction_flag,0.0,0.0,0.0,OK,
office_capex_depreciation_check,2027,sum office depreciation components,6402190.476190476,6402190.476190477,9.313225746154785e-10,OK,
total_ppe_depreciation_check,2027,gpu_depreciation+datacenter_depreciation+office_capex_depreciation,6402190.476190477,6402190.476190477,0.0,OK,
ip_amortization_check,2027,workplace_ai_amortization+contact_center_ai_amortization,61512750.0,61512750.0,0.0,OK,
total_depreciation_and_amortization_check,2027,total_ppe_depreciation+ip_amortization,67914940.47619048,67914940.47619048,0.0,OK,
gpu_rental_opex_check,2027,rented_gpu*rental_price_per_gpu_per_year,241200000.0,241200000.0,0.0,OK,
electricity_cost_check,2027,electricity_kwh*electricity_price_t,0.0,0.0,0.0,OK,
total_datacenter_opex_check,2027,electricity+maintenance+network+land+other,0.0,0.0,0.0,OK,
team_opex_check,2027,annual_core_team_cash_cost-capitalized_core_team_cost,881846784.0,881846784.0,0.0,OK,
total_sga_check,2027,annual_fixed_sga+annual_office_rent,135898560.0,135898560.0,0.0,OK,
pricing_base_check,2027,total_cogs+total_depreciation_and_amortization,1190961724.4761906,1190961724.4761906,0.0,OK,
workplace_token_share_check,2027,workplace_annual_tokens/total_annual_tokens,0.6821480110823038,0.6821480110823038,0.0,OK,
contact_center_token_share_check,2027,contact_center_annual_tokens/total_annual_tokens,0.31785198891769617,0.31785198891769617,0.0,OK,
workplace_revenue_check,2027,workplace_pricing_base/(1-margin)*availability,1015515214.5332302,1015515214.5332302,0.0,OK,
contact_center_revenue_check,2027,contact_center_pricing_base/(1-margin)*availability,473186941.062008,473186941.0620081,5.960464477539063e-08,OK,
total_revenue_check,2027,workplace_ai_revenue+contact_center_ai_revenue,1488702155.5952382,1488702155.5952382,0.0,OK,
total_cogs_check,2027,total_datacenter_opex+total_team_opex+annual_gpu_rental_cost,1123046784.0,1123046784.0,0.0,OK,
gross_profit_check,2027,total_revenue-total_cogs,365655371.5952382,365655371.5952382,0.0,OK,
ebitda_check,2027,gross_profit-total_sga,229756811.5952382,229756811.5952382,0.0,OK,
ebit_check,2027,ebitda-total_depreciation_and_amortization,161841871.11904773,161841871.11904773,0.0,OK,
ebt_check,2027,ebit-interest_expense,93597710.86665283,93597710.86665283,0.0,OK,
profit_tax_check,2027,"max(ebt,0)*tax_rate",23399427.716663208,23399427.716663208,0.0,OK,
net_income_check,2027,ebt-profit_tax,70198283.14998962,70198283.14998962,0.0,OK,
operating_cash_flow_check,2027,net_income+total_depreciation_and_amortization,138113223.6261801,138113223.6261801,0.0,OK,
investing_cash_flow_check,2027,-gpu_infra-dc-office-intangible,-0.0,0.0,0.0,OK,
pre_financing_cash_flow_check,2027,operating_cash_flow+investing_cash_flow,138113223.6261801,138113223.6261801,0.0,OK,
financing_cash_flow_check,2027,equity_injection+revolver_drawdown-revolver_repayment,-33201111.626180112,-33201111.626180112,0.0,OK,
net_cash_flow_check,2027,pre_financing_cash_flow+financing_cash_flow,104912112.0,104912112.0,0.0,OK,
funding_need_check,2027,"max(-closing_cash_before_funding,0)",0.0,0.0,0.0,OK,
minimum_cash_balance_check,2027,(total_team_opex+total_sga+annual_gpu_rental_cost)/12*months_of_fixed_costs,104912112.0,104912112.0,0.0,OK,
revolver_balance_check,2027,opening_revolver_balance+drawdown-repayment,254953180.4125104,254953180.4125104,0.0,OK,
interest_expense_check,2027,average_revolver_balance*revolver_interest_rate,68244160.2523949,68244160.2523949,0.0,OK,
closing_cash_after_funding_check,2027,cash_after_drawdown-revolver_repayment,104912112.0,104912112.0,0.0,OK,
net_ppe_check,2027,gross_ppe-accumulated_depreciation,12765619.047619047,12765619.047619047,0.0,OK,
net_intangible_assets_check,2027,gross_intangible_assets-accumulated_amortization,184538250.0,184538250.0,0.0,OK,
total_assets_check,2027,cash+net_ppe+net_intangible_assets,302215981.04761904,302215981.04761904,0.0,OK,
total_equity_check,2027,paid_in_capital+retained_earnings,47262800.63510865,47262800.63510865,0.0,OK,
balance_check,2027,0,0.0,0.0,0.0,OK,
free_cash_flow_check,2027,operating_cash_flow+investing_cash_flow,138113223.6261801,138113223.6261801,0.0,OK,
discount_factor_check,2027,1/(1+discount_rate)^year_index,0.7692307692307692,0.7692307692307692,0.0,OK,
discounted_fcf_check,2027,free_cash_flow*discount_factor,106240941.25090776,106240941.25090776,0.0,OK,
active_users_check,2028,total_employees*activation_rate,10800.0,10800.0,0.0,OK,
workplace_annual_tokens_check,2028,active_users*tokens_per_active_user_per_day*working_days,317444400000.0,317444400000.0,0.0,OK,
automated_interactions_check,2028,interactions_per_day*automation_rate,11061.0,11061.0,0.0,OK,
contact_center_annual_tokens_check,2028,automated_interactions*tokens_per_interaction*calendar_days,102546531000.0,102546531000.0,0.0,OK,
total_annual_tokens_check,2028,workplace_annual_tokens+contact_center_annual_tokens,419990931000.0,419990931000.0,0.0,OK,
tokens_per_second_check,2028,total_annual_tokens/(working_days*working_hours*3600),39360.373650472335,39360.373650472335,0.0,OK,
required_gpu_check,2028,ceil(tokens_per_second/(weighted_throughput*utilization)*peak_factor),344,344,0.0,OK,
construction_flag_check,2028,1 if year==construction_start_year else 0,1,1,0,OK,
owned_gpu_check,2028,required_gpu if year>=construction_start_year else 0,344.0,344,0.0,OK,
rented_gpu_check,2028,required_gpu if year<construction_start_year else 0,0,0,0.0,OK,
owned_gpu_increment_check,2028,"owned first year else max(delta,0)",344.0,344,0.0,OK,
gpu_capex_check,2028,owned_gpu_increment*gpu_unit_cost,1032000000.0,1032000000.0,0.0,OK,
gpu_infra_capex_check,2028,gpu_capex*infra_multiplier,1548000000.0,1548000000.0,0.0,OK,
tangible_capex_check,2028,gpu_infra+dc+office,3617979200.000001,3617979200.000001,0.0,OK,
intangible_capex_check,2028,workplace_ai_ip_value+contact_center_ai_ip_value,0.0,0.0,0.0,OK,
total_capex_check,2028,tangible_capex+intangible_capex,3617979200.000001,3617979200.000001,0.0,OK,
datacenter_construction_capex_check,2028,total_component_rub*construction_flag,2069979200.0000007,2069979200.0000007,0.0,OK,
office_capex_depreciation_check,2028,sum office depreciation components,6402190.476190476,6402190.476190477,9.313225746154785e-10,OK,
total_ppe_depreciation_check,2028,gpu_depreciation+datacenter_depreciation+office_capex_depreciation,729998030.4761906,729998030.4761906,0.0,OK,
ip_amortization_check,2028,workplace_ai_amortization+contact_center_ai_amortization,61512750.0,61512750.0,0.0,OK,
total_depreciation_and_amortization_check,2028,total_ppe_depreciation+ip_amortization,791510780.4761906,791510780.4761906,0.0,OK,
gpu_rental_opex_check,2028,rented_gpu*rental_price_per_gpu_per_year,0.0,0.0,0.0,OK,
electricity_cost_check,2028,electricity_kwh*electricity_price_t,27968490.0,27968490.0,0.0,OK,
total_datacenter_opex_check,2028,electricity+maintenance+network+land+other,221004173.25000006,221004173.25000006,0.0,OK,
team_opex_check,2028,annual_core_team_cash_cost-capitalized_core_team_cost,970031462.4000001,970031462.4000001,0.0,OK,
total_sga_check,2028,annual_fixed_sga+annual_office_rent,144052473.60000002,144052473.60000002,0.0,OK,
pricing_base_check,2028,total_cogs+total_depreciation_and_amortization,1982546416.1261907,1982546416.1261907,0.0,OK,
workplace_token_share_check,2028,workplace_annual_tokens/total_annual_tokens,0.7558363206656955,0.7558363206656955,0.0,OK,
contact_center_token_share_check,2028,contact_center_annual_tokens/total_annual_tokens,0.2441636793343045,0.2441636793343045,0.0,OK,
workplace_revenue_check,2028,workplace_pricing_base/(1-margin)*availability,1997974118.285041,1997974118.285041,0.0,OK,
contact_center_revenue_check,2028,contact_center_pricing_base/(1-margin)*availability,645421103.2165464,645421103.2165464,0.0,OK,
total_revenue_check,2028,workplace_ai_revenue+contact_center_ai_revenue,2643395221.5015874,2643395221.5015874,0.0,OK,
total_cogs_check,2028,total_datacenter_opex+total_team_opex+annual_gpu_rental_cost,1191035635.65,1191035635.65,0.0,OK,
gross_profit_check,2028,total_revenue-total_cogs,1452359585.8515873,1452359585.8515873,0.0,OK,
ebitda_check,2028,gross_profit-total_sga,1308307112.2515874,1308307112.2515874,0.0,OK,
ebit_check,2028,ebitda-total_depreciation_and_amortization,516796331.7753968,516796331.7753968,0.0,OK,
ebt_check,2028,ebit-interest_expense,304197862.9210437,304197862.9210437,0.0,OK,
profit_tax_check,2028,"max(ebt,0)*tax_rate",76049465.73026092,76049465.73026092,0.0,OK,
net_income_check,2028,ebt-profit_tax,228148397.1907828,228148397.1907828,0.0,OK,
operating_cash_flow_check,2028,net_income+total_depreciation_and_amortization,1019659177.6669734,1019659177.6669734,0.0,OK,
investing_cash_flow_check,2028,-gpu_infra-dc-office-intangible,-3617979200.000001,-3617979200.000001,0.0,OK,
pre_financing_cash_flow_check,2028,operating_cash_flow+investing_cash_flow,-2598320022.333028,-2598320022.333028,0.0,OK,
financing_cash_flow_check,2028,equity_injection+revolver_drawdown-revolver_repayment,2493407910.333028,2493407910.333028,0.0,OK,
net_cash_flow_check,2028,pre_financing_cash_flow+financing_cash_flow,-104912112.0,-104912112.0,0.0,OK,
funding_need_check,2028,"max(-closing_cash_before_funding,0)",2493407910.333028,2493407910.333028,0.0,OK,
minimum_cash_balance_check,2028,(total_team_opex+total_sga+annual_gpu_rental_cost)/12*months_of_fixed_costs,92840328.0,92840328.0,0.0,OK,
revolver_balance_check,2028,opening_revolver_balance+drawdown-repayment,1501657135.5790243,1501657135.5790243,0.0,OK,
interest_expense_check,2028,average_revolver_balance*revolver_interest_rate,212598468.85435313,212598468.85435313,0.0,OK,
closing_cash_after_funding_check,2028,cash_after_drawdown-revolver_repayment,0.0,0.0,0.0,OK,
net_ppe_check,2028,gross_ppe-accumulated_depreciation,2900746788.5714293,2900746788.5714293,0.0,OK,
net_intangible_assets_check,2028,gross_intangible_assets-accumulated_amortization,123025500.0,123025500.0,0.0,OK,
total_assets_check,2028,cash+net_ppe+net_intangible_assets,3023772288.5714293,3023772288.5714293,0.0,OK,
total_equity_check,2028,paid_in_capital+retained_earnings,1522115152.9924054,1522115152.9924054,0.0,OK,
balance_check,2028,0,0.0,-4.76837158203125e-07,-4.76837158203125e-07,OK,
free_cash_flow_check,2028,operating_cash_flow+investing_cash_flow,-2598320022.333028,-2598320022.333028,0.0,OK,
discount_factor_check,2028,1/(1+discount_rate)^year_index,0.5917159763313609,0.5917159763313609,0.0,OK,
discounted_fcf_check,2028,free_cash_flow*discount_factor,-1537467468.8361108,-1537467468.8361108,0.0,OK,
active_users_check,2029,total_employees*activation_rate,20250.0,20250.0,0.0,OK,
workplace_annual_tokens_check,2029,active_users*tokens_per_active_user_per_day*working_days,910318500000.0,910318500000.0,0.0,OK,
automated_interactions_check,2029,interactions_per_day*automation_rate,16591.5,16591.5,0.0,OK,
contact_center_annual_tokens_check,2029,automated_interactions*tokens_per_interaction*calendar_days,153819796500.0,153819796500.0,0.0,OK,
total_annual_tokens_check,2029,workplace_annual_tokens+contact_center_annual_tokens,1064138296500.0,1064138296500.0,0.0,OK,
tokens_per_second_check,2029,total_annual_tokens/(working_days*working_hours*3600),99728.0604757085,99728.0604757085,0.0,OK,
required_gpu_check,2029,ceil(tokens_per_second/(weighted_throughput*utilization)*peak_factor),691,691,0.0,OK,
construction_flag_check,2029,1 if year==construction_start_year else 0,0,0,0,OK,
owned_gpu_check,2029,required_gpu if year>=construction_start_year else 0,691.0,691,0.0,OK,
rented_gpu_check,2029,required_gpu if year<construction_start_year else 0,0,0,0.0,OK,
owned_gpu_increment_check,2029,"owned first year else max(delta,0)",347.0,347,0.0,OK,
gpu_capex_check,2029,owned_gpu_increment*gpu_unit_cost,1041000000.0,1041000000.0,0.0,OK,
gpu_infra_capex_check,2029,gpu_capex*infra_multiplier,1561500000.0,1561500000.0,0.0,OK,
tangible_capex_check,2029,gpu_infra+dc+office,1561500000.0,1561500000.0,0.0,OK,
intangible_capex_check,2029,workplace_ai_ip_value+contact_center_ai_ip_value,0.0,0.0,0.0,OK,
total_capex_check,2029,tangible_capex+intangible_capex,1561500000.0,1561500000.0,0.0,OK,
datacenter_construction_capex_check,2029,total_component_rub*construction_flag,0.0,0.0,0.0,OK,
office_capex_depreciation_check,2029,sum office depreciation components,2038857.142857143,2038857.142857143,0.0,OK,
total_ppe_depreciation_check,2029,gpu_depreciation+datacenter_depreciation+office_capex_depreciation,1037934697.1428573,1037934697.1428573,0.0,OK,
ip_amortization_check,2029,workplace_ai_amortization+contact_center_ai_amortization,61512750.0,61512750.0,0.0,OK,
total_depreciation_and_amortization_check,2029,total_ppe_depreciation+ip_amortization,1099447447.1428573,1099447447.1428573,0.0,OK,
gpu_rental_opex_check,2029,rented_gpu*rental_price_per_gpu_per_year,0.0,0.0,0.0,OK,
electricity_cost_check,2029,electricity_kwh*electricity_price_t,89198344.12500001,89198344.12500001,0.0,OK,
total_datacenter_opex_check,2029,electricity+maintenance+network+land+other,370675739.1750001,370675739.1750001,0.0,OK,
team_opex_check,2029,annual_core_team_cash_cost-capitalized_core_team_cost,1047633979.3920006,1047633979.3920006,0.0,OK,
total_sga_check,2029,annual_fixed_sga+annual_office_rent,151255097.28,151255097.28,0.0,OK,
pricing_base_check,2029,total_cogs+total_depreciation_and_amortization,2517757165.709858,2517757165.709858,0.0,OK,
workplace_token_share_check,2029,workplace_annual_tokens/total_annual_tokens,0.8554513102235674,0.8554513102235674,0.0,OK,
contact_center_token_share_check,2029,contact_center_annual_tokens/total_annual_tokens,0.14454868977643265,0.14454868977643265,0.0,OK,
workplace_revenue_check,2029,workplace_pricing_base/(1-margin)*availability,3076883808.901819,3076883808.9018188,-4.76837158203125e-07,OK,
contact_center_revenue_check,2029,contact_center_pricing_base/(1-margin)*availability,519912142.11226374,519912142.1122637,-5.960464477539063e-08,OK,
total_revenue_check,2029,workplace_ai_revenue+contact_center_ai_revenue,3596795951.0140824,3596795951.0140824,0.0,OK,
total_cogs_check,2029,total_datacenter_opex+total_team_opex+annual_gpu_rental_cost,1418309718.5670006,1418309718.5670006,0.0,OK,
gross_profit_check,2029,total_revenue-total_cogs,2178486232.4470816,2178486232.4470816,0.0,OK,
ebitda_check,2029,gross_profit-total_sga,2027231135.1670816,2027231135.1670816,0.0,OK,
ebit_check,2029,ebitda-total_depreciation_and_amortization,927783688.0242243,927783688.0242243,0.0,OK,
ebt_check,2029,ebit-interest_expense,549383435.3944657,549383435.3944657,0.0,OK,
profit_tax_check,2029,"max(ebt,0)*tax_rate",137345858.84861642,137345858.84861642,0.0,OK,
net_income_check,2029,ebt-profit_tax,412037576.54584926,412037576.54584926,0.0,OK,
operating_cash_flow_check,2029,net_income+total_depreciation_and_amortization,1511485023.6887066,1511485023.6887066,0.0,OK,
investing_cash_flow_check,2029,-gpu_infra-dc-office-intangible,-1561500000.0,-1561500000.0,0.0,OK,
pre_financing_cash_flow_check,2029,operating_cash_flow+investing_cash_flow,-50014976.31129336,-50014976.31129336,0.0,OK,
financing_cash_flow_check,2029,equity_injection+revolver_drawdown-revolver_repayment,50014976.31129336,50014976.31129336,0.0,OK,
net_cash_flow_check,2029,pre_financing_cash_flow+financing_cash_flow,0.0,0.0,0.0,OK,
funding_need_check,2029,"max(-closing_cash_before_funding,0)",50014976.31129336,50014976.31129336,0.0,OK,
minimum_cash_balance_check,2029,(total_team_opex+total_sga+annual_gpu_rental_cost)/12*months_of_fixed_costs,99907423.05600005,99907423.05600004,-1.4901161193847656e-08,OK,
revolver_balance_check,2029,opening_revolver_balance+drawdown-repayment,1526664623.734671,1526664623.734671,0.0,OK,
interest_expense_check,2029,average_revolver_balance*revolver_interest_rate,378400252.62975866,378400252.62975866,0.0,OK,
closing_cash_after_funding_check,2029,cash_after_drawdown-revolver_repayment,0.0,0.0,0.0,OK,
net_ppe_check,2029,gross_ppe-accumulated_depreciation,3424312091.428572,3424312091.428572,0.0,OK,
net_intangible_assets_check,2029,gross_intangible_assets-accumulated_amortization,61512750.0,61512750.0,0.0,OK,
total_assets_check,2029,cash+net_ppe+net_intangible_assets,3485824841.428572,3485824841.428572,0.0,OK,
total_equity_check,2029,paid_in_capital+retained_earnings,1959160217.6939015,1959160217.6939015,0.0,OK,
balance_check,2029,0,0.0,-4.76837158203125e-07,-4.76837158203125e-07,OK,
free_cash_flow_check,2029,operating_cash_flow+investing_cash_flow,-50014976.31129336,-50014976.31129336,0.0,OK,
discount_factor_check,2029,1/(1+discount_rate)^year_index,0.4551661356395084,0.4551661356395084,0.0,OK,
discounted_fcf_check,2029,free_cash_flow*discount_factor,-22765123.491712954,-22765123.491712954,0.0,OK,
active_users_check,2030,total_employees*activation_rate,24300.0,24300.0,0.0,OK,
workplace_annual_tokens_check,2030,active_users*tokens_per_active_user_per_day*working_days,1362476700000.0,1362476700000.0,0.0,OK,
automated_interactions_check,2030,interactions_per_day*automation_rate,22122.0,22122.0,0.0,OK,
contact_center_annual_tokens_check,2030,automated_interactions*tokens_per_interaction*calendar_days,205093062000.0,205093062000.0,0.0,OK,
total_annual_tokens_check,2030,workplace_annual_tokens+contact_center_annual_tokens,1567569762000.0,1567569762000.0,0.0,OK,
tokens_per_second_check,2030,total_annual_tokens/(working_days*working_hours*3600),146908.24730094467,146908.24730094467,0.0,OK,
required_gpu_check,2030,ceil(tokens_per_second/(weighted_throughput*utilization)*peak_factor),779,779,0.0,OK,
construction_flag_check,2030,1 if year==construction_start_year else 0,0,0,0,OK,
owned_gpu_check,2030,required_gpu if year>=construction_start_year else 0,779.0,779,0.0,OK,
rented_gpu_check,2030,required_gpu if year<construction_start_year else 0,0,0,0.0,OK,
owned_gpu_increment_check,2030,"owned first year else max(delta,0)",88.0,88,0.0,OK,
gpu_capex_check,2030,owned_gpu_increment*gpu_unit_cost,264000000.0,264000000.0,0.0,OK,
gpu_infra_capex_check,2030,gpu_capex*infra_multiplier,396000000.0,396000000.0,0.0,OK,
tangible_capex_check,2030,gpu_infra+dc+office,396000000.0,396000000.0,0.0,OK,
intangible_capex_check,2030,workplace_ai_ip_value+contact_center_ai_ip_value,0.0,0.0,0.0,OK,
total_capex_check,2030,tangible_capex+intangible_capex,396000000.0,396000000.0,0.0,OK,
datacenter_construction_capex_check,2030,total_component_rub*construction_flag,0.0,0.0,0.0,OK,
office_capex_depreciation_check,2030,sum office depreciation components,2038857.142857143,2038857.142857143,0.0,OK,
total_ppe_depreciation_check,2030,gpu_depreciation+datacenter_depreciation+office_capex_depreciation,1117134697.142857,1117134697.1428573,2.384185791015625e-07,OK,
ip_amortization_check,2030,workplace_ai_amortization+contact_center_ai_amortization,61512750.0,61512750.0,0.0,OK,
total_depreciation_and_amortization_check,2030,total_ppe_depreciation+ip_amortization,1178647447.1428573,1178647447.1428573,0.0,OK,
gpu_rental_opex_check,2030,rented_gpu*rental_price_per_gpu_per_year,0.0,0.0,0.0,OK,
electricity_cost_check,2030,electricity_kwh*electricity_price_t,131755003.38000003,131755003.38000003,0.0,OK,
total_datacenter_opex_check,2030,electricity+maintenance+network+land+other,438291532.48650014,438291532.48650014,0.0,OK,
team_opex_check,2030,annual_core_team_cash_cost-capitalized_core_team_cost,1110492018.1555207,1110492018.1555207,0.0,OK,
total_sga_check,2030,annual_fixed_sga+annual_office_rent,158817852.14400005,158817852.14400005,0.0,OK,
pricing_base_check,2030,total_cogs+total_depreciation_and_amortization,2727430997.784878,2727430997.784878,0.0,OK,
workplace_token_share_check,2030,workplace_annual_tokens/total_annual_tokens,0.8691649539486332,0.8691649539486332,0.0,OK,
contact_center_token_share_check,2030,contact_center_annual_tokens/total_annual_tokens,0.13083504605136673,0.13083504605136673,0.0,OK,
workplace_revenue_check,2030,workplace_pricing_base/(1-margin)*availability,3647057596.2888737,3647057596.2888737,0.0,OK,
contact_center_revenue_check,2030,contact_center_pricing_base/(1-margin)*availability,548990092.6109378,548990092.6109377,-1.1920928955078125e-07,OK,
total_revenue_check,2030,workplace_ai_revenue+contact_center_ai_revenue,4196047688.8998113,4196047688.8998113,0.0,OK,
total_cogs_check,2030,total_datacenter_opex+total_team_opex+annual_gpu_rental_cost,1548783550.6420207,1548783550.6420207,0.0,OK,
gross_profit_check,2030,total_revenue-total_cogs,2647264138.2577906,2647264138.2577906,0.0,OK,
ebitda_check,2030,gross_profit-total_sga,2488446286.1137905,2488446286.1137905,0.0,OK,
ebit_check,2030,ebitda-total_depreciation_and_amortization,1309798838.9709332,1309798838.9709332,0.0,OK,
ebt_check,2030,ebit-interest_expense,1099754075.1492462,1099754075.1492462,0.0,OK,
profit_tax_check,2030,"max(ebt,0)*tax_rate",274938518.78731155,274938518.78731155,0.0,OK,
net_income_check,2030,ebt-profit_tax,824815556.3619347,824815556.3619347,0.0,OK,
operating_cash_flow_check,2030,net_income+total_depreciation_and_amortization,2003463003.504792,2003463003.504792,0.0,OK,
investing_cash_flow_check,2030,-gpu_infra-dc-office-intangible,-396000000.0,-396000000.0,0.0,OK,
pre_financing_cash_flow_check,2030,operating_cash_flow+investing_cash_flow,1607463003.504792,1607463003.504792,0.0,OK,
financing_cash_flow_check,2030,equity_injection+revolver_drawdown-revolver_repayment,-1501687180.979832,-1501687180.979832,0.0,OK,
net_cash_flow_check,2030,pre_financing_cash_flow+financing_cash_flow,105775822.52496004,105775822.52496004,0.0,OK,
funding_need_check,2030,"max(-closing_cash_before_funding,0)",0.0,0.0,0.0,OK,
minimum_cash_balance_check,2030,(total_team_opex+total_sga+annual_gpu_rental_cost)/12*months_of_fixed_costs,105775822.52496006,105775822.52496006,0.0,OK,
revolver_balance_check,2030,opening_revolver_balance+drawdown-repayment,24977442.754839182,24977442.754839182,0.0,OK,
interest_expense_check,2030,average_revolver_balance*revolver_interest_rate,210044763.82168698,210044763.82168698,0.0,OK,
closing_cash_after_funding_check,2030,cash_after_drawdown-revolver_repayment,105775822.52496004,105775822.52496004,0.0,OK,
net_ppe_check,2030,gross_ppe-accumulated_depreciation,2703177394.285715,2703177394.285715,0.0,OK,
net_intangible_assets_check,2030,gross_intangible_assets-accumulated_amortization,0.0,0.0,0.0,OK,
total_assets_check,2030,cash+net_ppe+net_intangible_assets,2808953216.810675,2808953216.810675,0.0,OK,
total_equity_check,2030,paid_in_capital+retained_earnings,2783975774.055836,2783975774.055836,0.0,OK,
balance_check,2030,0,0.0,-4.76837158203125e-07,-4.76837158203125e-07,OK,
free_cash_flow_check,2030,operating_cash_flow+investing_cash_flow,1607463003.504792,1607463003.504792,0.0,OK,
discount_factor_check,2030,1/(1+discount_rate)^year_index,0.35012779664577565,0.35012779664577565,0.0,OK,
discounted_fcf_check,2030,free_cash_flow*discount_factor,562817479.6067336,562817479.6067336,0.0,OK,
npv_check,Total,sum(discounted_fcf),-1467482755.5475636,-1467482755.5475636,0.0,OK,
scenario_comparison_active_npv_check,Total,scenario row npv == base npv,-1467482755.5475636,-1467482755.5475636,0.0,OK,
sensitivity_base_cell_check,Total,"sensitivity(1.00,1.00)==base npv",-1467482755.5475636,-1467482755.5475636,0.0,OK,
