scenario,month_seq,month_id,year,month,core_team_payroll,sga_payroll,datacenter_opex,depreciation_and_amortization,monthly_operating_cost_total
build_own_dc,1,2026-10,2026,10,31948800.0,8502000.0,0.0,0.0,40450800.0
rent_gpu_only,1,2026-10,2026,10,31948800.0,8502000.0,0.0,0.0,40450800.0
hybrid,1,2026-10,2026,10,31948800.0,8502000.0,0.0,0.0,40450800.0
build_own_dc,2,2026-11,2026,11,31948800.0,8502000.0,0.0,0.0,40450800.0
rent_gpu_only,2,2026-11,2026,11,31948800.0,8502000.0,0.0,0.0,40450800.0
hybrid,2,2026-11,2026,11,31948800.0,8502000.0,0.0,0.0,40450800.0
build_own_dc,3,2026-12,2026,12,31948800.0,8502000.0,0.0,0.0,40450800.0
rent_gpu_only,3,2026-12,2026,12,31948800.0,8502000.0,0.0,0.0,40450800.0
hybrid,3,2026-12,2026,12,31948800.0,8502000.0,0.0,0.0,40450800.0
build_own_dc,4,2027-01,2027,1,41635776.0,8502000.0,0.0,0.0,50137776.0
rent_gpu_only,4,2027-01,2027,1,41635776.0,8502000.0,0.0,0.0,50137776.0
hybrid,4,2027-01,2027,1,41635776.0,8502000.0,0.0,0.0,50137776.0
build_own_dc,5,2027-02,2027,2,50459136.0,8502000.0,0.0,0.0,58961136.0
rent_gpu_only,5,2027-02,2027,2,50459136.0,8502000.0,0.0,0.0,58961136.0
hybrid,5,2027-02,2027,2,50459136.0,8502000.0,0.0,0.0,58961136.0
build_own_dc,6,2027-03,2027,3,50459136.0,8502000.0,0.0,0.0,58961136.0
rent_gpu_only,6,2027-03,2027,3,50459136.0,8502000.0,0.0,0.0,58961136.0
hybrid,6,2027-03,2027,3,50459136.0,8502000.0,0.0,0.0,58961136.0
build_own_dc,7,2027-04,2027,4,52730496.0,8502000.0,0.0,0.0,61232496.0
rent_gpu_only,7,2027-04,2027,4,52730496.0,8502000.0,0.0,0.0,61232496.0
hybrid,7,2027-04,2027,4,52730496.0,8502000.0,0.0,0.0,61232496.0
build_own_dc,8,2027-05,2027,5,52730496.0,8502000.0,0.0,0.0,61232496.0
rent_gpu_only,8,2027-05,2027,5,52730496.0,8502000.0,0.0,0.0,61232496.0
hybrid,8,2027-05,2027,5,52730496.0,8502000.0,0.0,0.0,61232496.0
build_own_dc,9,2027-06,2027,6,53778816.0,8502000.0,0.0,0.0,62280816.0
rent_gpu_only,9,2027-06,2027,6,53778816.0,8502000.0,0.0,0.0,62280816.0
hybrid,9,2027-06,2027,6,53778816.0,8502000.0,0.0,0.0,62280816.0
build_own_dc,10,2027-07,2027,7,56749056.0,8502000.0,0.0,0.0,65251056.0
rent_gpu_only,10,2027-07,2027,7,56749056.0,8502000.0,0.0,0.0,65251056.0
hybrid,10,2027-07,2027,7,56749056.0,8502000.0,0.0,0.0,65251056.0
build_own_dc,11,2027-08,2027,8,56749056.0,8502000.0,0.0,0.0,65251056.0
rent_gpu_only,11,2027-08,2027,8,56749056.0,8502000.0,0.0,0.0,65251056.0
hybrid,11,2027-08,2027,8,56749056.0,8502000.0,0.0,0.0,65251056.0
build_own_dc,12,2027-09,2027,9,59020416.0,8502000.0,0.0,0.0,67522416.0
rent_gpu_only,12,2027-09,2027,9,59020416.0,8502000.0,0.0,0.0,67522416.0
hybrid,12,2027-09,2027,9,59020416.0,8502000.0,0.0,0.0,67522416.0
build_own_dc,13,2027-10,2027,10,59020416.0,8502000.0,0.0,0.0,67522416.0
rent_gpu_only,13,2027-10,2027,10,59020416.0,8502000.0,0.0,0.0,67522416.0
hybrid,13,2027-10,2027,10,59020416.0,8502000.0,0.0,0.0,67522416.0
build_own_dc,14,2027-11,2027,11,59020416.0,8502000.0,0.0,0.0,67522416.0
rent_gpu_only,14,2027-11,2027,11,59020416.0,8502000.0,0.0,0.0,67522416.0
hybrid,14,2027-11,2027,11,59020416.0,8502000.0,0.0,0.0,67522416.0
build_own_dc,15,2027-12,2027,12,59020416.0,8502000.0,0.0,0.0,67522416.0
rent_gpu_only,15,2027-12,2027,12,59020416.0,8502000.0,0.0,0.0,67522416.0
hybrid,15,2027-12,2027,12,59020416.0,8502000.0,0.0,0.0,67522416.0
build_own_dc,16,2028-01,2028,1,71072601.6,8502000.0,0.05,0.02,79574601.67
rent_gpu_only,16,2028-01,2028,1,71072601.6,8502000.0,0.0,0.0,79574601.6
hybrid,16,2028-01,2028,1,71072601.6,8502000.0,0.05,0.02,79574601.67
build_own_dc,17,2028-02,2028,2,71072601.6,8502000.0,0.05,0.02,79574601.67
rent_gpu_only,17,2028-02,2028,2,71072601.6,8502000.0,0.0,0.0,79574601.6
hybrid,17,2028-02,2028,2,71072601.6,8502000.0,0.05,0.02,79574601.67
build_own_dc,18,2028-03,2028,3,71072601.6,8502000.0,0.05,0.02,79574601.67
rent_gpu_only,18,2028-03,2028,3,71072601.6,8502000.0,0.0,0.0,79574601.6
hybrid,18,2028-03,2028,3,71072601.6,8502000.0,0.05,0.02,79574601.67
build_own_dc,19,2028-04,2028,4,71072601.6,8502000.0,0.05,0.02,79574601.67
rent_gpu_only,19,2028-04,2028,4,71072601.6,8502000.0,0.0,0.0,79574601.6
hybrid,19,2028-04,2028,4,71072601.6,8502000.0,0.05,0.02,79574601.67
build_own_dc,20,2028-05,2028,5,71072601.6,8502000.0,0.05,0.02,79574601.67
rent_gpu_only,20,2028-05,2028,5,71072601.6,8502000.0,0.0,0.0,79574601.6
hybrid,20,2028-05,2028,5,71072601.6,8502000.0,0.05,0.02,79574601.67
build_own_dc,21,2028-06,2028,6,75454579.2,8502000.0,0.05,0.02,83956579.27
rent_gpu_only,21,2028-06,2028,6,75454579.2,8502000.0,0.0,0.0,83956579.2
hybrid,21,2028-06,2028,6,75454579.2,8502000.0,0.05,0.02,83956579.27
build_own_dc,22,2028-07,2028,7,75454579.2,8502000.0,193606.39,3.93,84150189.52
rent_gpu_only,22,2028-07,2028,7,75454579.2,8502000.0,0.0,0.0,83956579.2
hybrid,22,2028-07,2028,7,75454579.2,8502000.0,193606.39,3.93,84150189.52
build_own_dc,23,2028-08,2028,8,75454579.2,8502000.0,193594.0,0.0,84150173.2
rent_gpu_only,23,2028-08,2028,8,75454579.2,8502000.0,0.0,0.0,83956579.2
hybrid,23,2028-08,2028,8,75454579.2,8502000.0,193594.0,0.0,84150173.2
build_own_dc,24,2028-09,2028,9,75454579.2,8502000.0,193594.0,0.0,84150173.2
rent_gpu_only,24,2028-09,2028,9,75454579.2,8502000.0,0.0,0.0,83956579.2
hybrid,24,2028-09,2028,9,75454579.2,8502000.0,193594.0,0.0,84150173.2
build_own_dc,25,2028-10,2028,10,75454579.2,8502000.0,193594.0,0.0,84150173.2
rent_gpu_only,25,2028-10,2028,10,75454579.2,8502000.0,0.0,0.0,83956579.2
hybrid,25,2028-10,2028,10,75454579.2,8502000.0,193594.0,0.0,84150173.2
build_own_dc,26,2028-11,2028,11,75454579.2,8502000.0,193594.0,0.0,84150173.2
rent_gpu_only,26,2028-11,2028,11,75454579.2,8502000.0,0.0,0.0,83956579.2
hybrid,26,2028-11,2028,11,75454579.2,8502000.0,193594.0,0.0,84150173.2
build_own_dc,27,2028-12,2028,12,75454579.2,8502000.0,193594.0,0.0,84150173.2
rent_gpu_only,27,2028-12,2028,12,75454579.2,8502000.0,0.0,0.0,83956579.2
hybrid,27,2028-12,2028,12,75454579.2,8502000.0,193594.0,0.0,84150173.2
build_own_dc,28,2029-01,2029,1,81490945.54,8502000.0,388917.03,3.97,90381866.53
rent_gpu_only,28,2029-01,2029,1,81490945.54,8502000.0,0.0,0.0,89992945.54
hybrid,28,2029-01,2029,1,81490945.54,8502000.0,388917.03,3.97,90381866.53
build_own_dc,29,2029-02,2029,2,81490945.54,8502000.0,388904.53,0.0,90381850.07
rent_gpu_only,29,2029-02,2029,2,81490945.54,8502000.0,0.0,0.0,89992945.54
hybrid,29,2029-02,2029,2,81490945.54,8502000.0,388904.53,0.0,90381850.07
build_own_dc,30,2029-03,2029,3,81490945.54,8502000.0,388904.53,0.0,90381850.07
rent_gpu_only,30,2029-03,2029,3,81490945.54,8502000.0,0.0,0.0,89992945.54
hybrid,30,2029-03,2029,3,81490945.54,8502000.0,388904.53,0.0,90381850.07
build_own_dc,31,2029-04,2029,4,81490945.54,8502000.0,388904.53,0.0,90381850.07
rent_gpu_only,31,2029-04,2029,4,81490945.54,8502000.0,0.0,0.0,89992945.54
hybrid,31,2029-04,2029,4,81490945.54,8502000.0,388904.53,0.0,90381850.07
build_own_dc,32,2029-05,2029,5,81490945.54,8502000.0,388904.53,0.0,90381850.07
rent_gpu_only,32,2029-05,2029,5,81490945.54,8502000.0,0.0,0.0,89992945.54
hybrid,32,2029-05,2029,5,81490945.54,8502000.0,388904.53,0.0,90381850.07
build_own_dc,33,2029-06,2029,6,81490945.54,8502000.0,388904.53,0.0,90381850.07
rent_gpu_only,33,2029-06,2029,6,81490945.54,8502000.0,0.0,0.0,89992945.54
hybrid,33,2029-06,2029,6,81490945.54,8502000.0,388904.53,0.0,90381850.07
build_own_dc,34,2029-07,2029,7,81490945.54,8502000.0,388904.53,0.0,90381850.07
rent_gpu_only,34,2029-07,2029,7,81490945.54,8502000.0,0.0,0.0,89992945.54
hybrid,34,2029-07,2029,7,81490945.54,8502000.0,388904.53,0.0,90381850.07
build_own_dc,35,2029-08,2029,8,81490945.54,8502000.0,388904.53,0.0,90381850.07
rent_gpu_only,35,2029-08,2029,8,81490945.54,8502000.0,0.0,0.0,89992945.54
hybrid,35,2029-08,2029,8,81490945.54,8502000.0,388904.53,0.0,90381850.07
build_own_dc,36,2029-09,2029,9,81490945.54,8502000.0,388904.53,0.0,90381850.07
rent_gpu_only,36,2029-09,2029,9,81490945.54,8502000.0,0.0,0.0,89992945.54
hybrid,36,2029-09,2029,9,81490945.54,8502000.0,388904.53,0.0,90381850.07
build_own_dc,37,2029-10,2029,10,81490945.54,8502000.0,388904.53,0.0,90381850.07
rent_gpu_only,37,2029-10,2029,10,81490945.54,8502000.0,0.0,0.0,89992945.54
hybrid,37,2029-10,2029,10,81490945.54,8502000.0,388904.53,0.0,90381850.07
build_own_dc,38,2029-11,2029,11,81490945.54,8502000.0,388904.53,0.0,90381850.07
rent_gpu_only,38,2029-11,2029,11,81490945.54,8502000.0,0.0,0.0,89992945.54
hybrid,38,2029-11,2029,11,81490945.54,8502000.0,388904.53,0.0,90381850.07
build_own_dc,39,2029-12,2029,12,81490945.54,8502000.0,388904.53,0.0,90381850.07
rent_gpu_only,39,2029-12,2029,12,81490945.54,8502000.0,0.0,0.0,89992945.54
hybrid,39,2029-12,2029,12,81490945.54,8502000.0,388904.53,0.0,90381850.07
build_own_dc,40,2030-01,2030,1,86380402.27,8502000.0,438068.06,1.0,95320471.33
rent_gpu_only,40,2030-01,2030,1,86380402.27,8502000.0,0.0,0.0,94882402.27
hybrid,40,2030-01,2030,1,86380402.27,8502000.0,438068.06,1.0,95320471.33
build_own_dc,41,2030-02,2030,2,86380402.27,8502000.0,438064.92,0.0,95320467.19
rent_gpu_only,41,2030-02,2030,2,86380402.27,8502000.0,0.0,0.0,94882402.27
hybrid,41,2030-02,2030,2,86380402.27,8502000.0,438064.92,0.0,95320467.19
build_own_dc,42,2030-03,2030,3,86380402.27,8502000.0,438064.92,0.0,95320467.19
rent_gpu_only,42,2030-03,2030,3,86380402.27,8502000.0,0.0,0.0,94882402.27
hybrid,42,2030-03,2030,3,86380402.27,8502000.0,438064.92,0.0,95320467.19
build_own_dc,43,2030-04,2030,4,86380402.27,8502000.0,438064.92,0.0,95320467.19
rent_gpu_only,43,2030-04,2030,4,86380402.27,8502000.0,0.0,0.0,94882402.27
hybrid,43,2030-04,2030,4,86380402.27,8502000.0,438064.92,0.0,95320467.19
build_own_dc,44,2030-05,2030,5,86380402.27,8502000.0,438064.92,0.0,95320467.19
rent_gpu_only,44,2030-05,2030,5,86380402.27,8502000.0,0.0,0.0,94882402.27
hybrid,44,2030-05,2030,5,86380402.27,8502000.0,438064.92,0.0,95320467.19
build_own_dc,45,2030-06,2030,6,86380402.27,8502000.0,438064.92,0.0,95320467.19
rent_gpu_only,45,2030-06,2030,6,86380402.27,8502000.0,0.0,0.0,94882402.27
hybrid,45,2030-06,2030,6,86380402.27,8502000.0,438064.92,0.0,95320467.19
build_own_dc,46,2030-07,2030,7,86380402.27,8502000.0,438064.92,0.0,95320467.19
rent_gpu_only,46,2030-07,2030,7,86380402.27,8502000.0,0.0,0.0,94882402.27
hybrid,46,2030-07,2030,7,86380402.27,8502000.0,438064.92,0.0,95320467.19
build_own_dc,47,2030-08,2030,8,86380402.27,8502000.0,438064.92,0.0,95320467.19
rent_gpu_only,47,2030-08,2030,8,86380402.27,8502000.0,0.0,0.0,94882402.27
hybrid,47,2030-08,2030,8,86380402.27,8502000.0,438064.92,0.0,95320467.19
build_own_dc,48,2030-09,2030,9,86380402.27,8502000.0,438064.92,0.0,95320467.19
rent_gpu_only,48,2030-09,2030,9,86380402.27,8502000.0,0.0,0.0,94882402.27
hybrid,48,2030-09,2030,9,86380402.27,8502000.0,438064.92,0.0,95320467.19
build_own_dc,49,2030-10,2030,10,86380402.27,8502000.0,438064.92,0.0,95320467.19
rent_gpu_only,49,2030-10,2030,10,86380402.27,8502000.0,0.0,0.0,94882402.27
hybrid,49,2030-10,2030,10,86380402.27,8502000.0,438064.92,0.0,95320467.19
build_own_dc,50,2030-11,2030,11,86380402.27,8502000.0,438064.92,0.0,95320467.19
rent_gpu_only,50,2030-11,2030,11,86380402.27,8502000.0,0.0,0.0,94882402.27
hybrid,50,2030-11,2030,11,86380402.27,8502000.0,438064.92,0.0,95320467.19
build_own_dc,51,2030-12,2030,12,86380402.27,8502000.0,438064.92,0.0,95320467.19
rent_gpu_only,51,2030-12,2030,12,86380402.27,8502000.0,0.0,0.0,94882402.27
hybrid,51,2030-12,2030,12,86380402.27,8502000.0,438064.92,0.0,95320467.19
